{"cameraMode":{"drawMode":0,"name":"Shaded","section":"Shading Mode"},"sceneLighting":true,"audioPlay":false,"sceneViewState":{"showFog":true,"showMaterialUpdate":false,"showSkybox":true,"showFlares":true,"showImageEffects":true,"showParticleSystems":true,"showVisualEffectGraphs":true,"m_FxEnabled":true},"in2DMode":false,"pivot":{"x":-0.6850526332855225,"y":3.130855083465576,"z":1.8855102062225342},"rotation":{"x":-0.13876581192016602,"y":0.21996355056762696,"z":-0.031628139317035678,"w":-0.9650704860687256},"size":4.168140888214111,"orthographic":false}